{
  "project_info": {
    "project_number": "953530446168",
    "firebase_url": "https://virtualartstudio-df632-default-rtdb.firebaseio.com",
    "project_id": "virtualartstudio-df632",
    "storage_bucket": "virtualartstudio-df632.appspot.com"
  },
  "client": [
    {
      "client_info": {
        "mobilesdk_app_id": "1:953530446168:android:e009494e00a6c2bdfa352d",
        "android_client_info": {
          "package_name": "com.example.virtualartstudio"
        }
      },
      "oauth_client": [
        {
          "client_id": "953530446168-cfm1g54au85f0udajjcdac9t3n4t3ha6.apps.googleusercontent.com",
          "client_type": 1,
          "android_info": {
            "package_name": "com.example.virtualartstudio",
            "certificate_hash": "cb2eb27e49234d848ae889509cfb4197d493a6dc"
          }
        },
        {
          "client_id": "953530446168-s9ej60ik81d67s2u5qbm7749gkjbj4ps.apps.googleusercontent.com",
          "client_type": 1,
          "android_info": {
            "package_name": "com.example.virtualartstudio",
            "certificate_hash": "330f503d06f30c7950fcd06a37867d9a727fb662"
          }
        },
        {
          "client_id": "953530446168-ta0o4qvrsu32apo7o6a6ktsjpr3lmnu7.apps.googleusercontent.com",
          "client_type": 3
        }
      ],
      "api_key": [
        {
          "current_key": "AIzaSyAYxRg-Zx8dFlS4Lfr1YUV82OT3-ctO-xQ"
        }
      ],
      "services": {
        "appinvite_service": {
          "other_platform_oauth_client": [
            {
              "client_id": "953530446168-ta0o4qvrsu32apo7o6a6ktsjpr3lmnu7.apps.googleusercontent.com",
              "client_type": 3
            }
          ]
        }
      }
    },
    {
      "client_info": {
        "mobilesdk_app_id": "1:953530446168:android:f8e8ca4196e96361fa352d",
        "android_client_info": {
          "package_name": "com.project.virtualartgallery"
        }
      },
      "oauth_client": [
        {
          "client_id": "953530446168-ta0o4qvrsu32apo7o6a6ktsjpr3lmnu7.apps.googleusercontent.com",
          "client_type": 3
        }
      ],
      "api_key": [
        {
          "current_key": "AIzaSyAYxRg-Zx8dFlS4Lfr1YUV82OT3-ctO-xQ"
        }
      ],
      "services": {
        "appinvite_service": {
          "other_platform_oauth_client": [
            {
              "client_id": "953530446168-ta0o4qvrsu32apo7o6a6ktsjpr3lmnu7.apps.googleusercontent.com",
              "client_type": 3
            }
          ]
        }
      }
    }
  ],
  "configuration_version": "1"
}